City_ID,City,Country,Date,Lat,Lng,Max Temp,Humidity,Cloudiness,Wind Speed
0,Bluff,NZ,2022-10-08 18:01:14,-46.6,168.3333,48.63,68,90,16.22
1,Tasiilaq,GL,2022-10-08 18:01:14,65.6145,-37.6368,33.96,96,100,5.19
2,Lompoc,US,2022-10-08 18:01:15,34.6391,-120.4579,61.21,60,3,6.11
3,Kiruna,SE,2022-10-08 18:01:16,67.8557,20.2251,38.32,81,95,9.22
4,Bambous Virieux,MU,2022-10-08 18:01:16,-20.3428,57.7575,71.22,69,37,17.58
5,Castro,BR,2022-10-08 18:01:16,-24.7911,-50.0119,71.65,45,0,7.07
6,Bluff,NZ,2022-10-08 18:01:14,-46.6,168.3333,48.63,68,90,16.22
7,Tasiilaq,GL,2022-10-08 18:01:14,65.6145,-37.6368,33.96,96,100,5.19
8,Lompoc,US,2022-10-08 18:01:15,34.6391,-120.4579,61.21,60,3,6.11
9,Kiruna,SE,2022-10-08 18:01:16,67.8557,20.2251,38.32,81,95,9.22
10,Bambous Virieux,MU,2022-10-08 18:01:16,-20.3428,57.7575,71.22,69,37,17.58
11,Castro,BR,2022-10-08 18:01:16,-24.7911,-50.0119,71.65,45,0,7.07
12,Inhambane,MZ,2022-10-08 17:57:11,-23.865,35.3833,72.16,88,0,6.98
13,Ushuaia,AR,2022-10-08 17:56:23,-54.8,-68.3,47.82,76,75,11.5
14,Pisco,PE,2022-10-08 18:02:07,-13.7,-76.2167,65.01,74,6,9.15
15,Finschhafen,PG,2022-10-08 18:02:08,-6.6024,147.8681,78.42,80,94,6.69
16,Port Elizabeth,ZA,2022-10-08 18:02:08,-33.918,25.5701,66.09,89,46,5.01
17,Aklavik,CA,2022-10-08 18:02:10,68.2191,-135.0107,34.61,78,55,8.16
18,Sapa,PH,2022-10-08 18:02:10,5.1544,120.3241,81.55,75,83,1.32
19,Bissora,GW,2022-10-08 18:02:10,12.2231,-15.4475,76.39,94,97,5.5
20,Mar Del Plata,AR,2022-10-08 17:56:33,-38.0023,-57.5575,56.08,62,75,20.71
21,Safaga,EG,2022-10-08 18:02:11,26.7292,33.9365,81.25,43,0,17.96
22,Sidi Ali,DZ,2022-10-08 18:02:11,36.0998,0.4206,72.84,64,100,9.69
23,San Quintin,MX,2022-10-08 18:02:12,30.4833,-115.95,74.55,68,2,8.72
24,Mataura,NZ,2022-10-08 18:02:12,-46.1927,168.8643,37.33,95,84,4.25
25,Nantucket,US,2022-10-08 18:02:12,41.2835,-70.0995,59.14,65,40,11.5
26,Albany,US,2022-10-08 17:56:35,42.6001,-73.9662,53.17,54,4,1.01
27,Road Town,VG,2022-10-08 18:02:13,18.4167,-64.6167,82.18,73,3,13.15
28,Algiers,DZ,2022-10-08 18:02:13,36.7525,3.042,73.22,60,75,5.75
29,Faanui,PF,2022-10-08 18:02:14,-16.4833,-151.75,78.08,76,13,18.79
30,Geraldton,AU,2022-10-08 17:58:04,-28.7667,114.6,48.61,87,47,4.61
31,Provideniya,RU,2022-10-08 18:02:14,64.3833,-173.3,31.5,67,22,6.87
32,Naze,JP,2022-10-08 18:02:15,28.3667,129.4833,73.56,82,86,6.35
33,San Carlos De Bariloche,AR,2022-10-08 17:57:57,-41.1456,-71.3082,47.95,40,20,23.02
34,Butaritari,KI,2022-10-08 17:56:32,3.0707,172.7902,82.02,74,29,16.06
35,Chicama,PE,2022-10-08 18:02:15,-7.8447,-79.1469,73.42,59,59,11.32
36,Bulancak,TR,2022-10-08 18:02:16,40.9372,38.2291,64.22,88,75,1.14
37,Saint-Joseph,RE,2022-10-08 18:02:16,-21.3667,55.6167,70.18,75,28,14.03
38,Thinadhoo,MV,2022-10-08 18:02:17,0.5333,72.9333,81.03,78,13,13.42
39,Richards Bay,ZA,2022-10-08 18:02:17,-28.783,32.0377,70.84,85,0,13.42
40,Busselton,AU,2022-10-08 17:56:22,-33.65,115.3333,53.24,81,10,3.89
41,Uray,RU,2022-10-08 18:02:17,60.1247,64.7758,41.56,90,100,6.58
42,Rikitea,PF,2022-10-08 17:56:25,-23.1203,-134.9692,70.84,68,72,20.27
43,Hobart,AU,2022-10-08 18:02:18,-42.8794,147.3294,40.05,87,7,4.61
44,Hermanus,ZA,2022-10-08 17:56:34,-34.4187,19.2345,59.81,83,66,7.34
45,Semey,KZ,2022-10-08 17:58:05,50.4111,80.2275,58.28,31,0,21.47
46,Laguna,US,2022-10-08 17:58:47,38.421,-121.4238,89.64,46,0,0.0
47,Kyzyl-Suu,KG,2022-10-08 18:02:18,42.3414,78.0056,49.48,50,53,8.81
48,Warwick,US,2022-10-08 18:02:19,41.7001,-71.4162,61.45,54,40,11.5
49,Diapaga,BF,2022-10-08 18:02:19,12.0708,1.7889,83.41,60,95,0.87
50,Jamestown,US,2022-10-08 18:01:07,42.097,-79.2353,49.17,48,58,5.99
51,Iqaluit,CA,2022-10-08 18:03:20,63.7506,-68.5145,32.7,80,100,15.01
52,Ancud,CL,2022-10-08 18:03:21,-41.8697,-73.8203,51.55,58,10,14.97
53,Barrow,US,2022-10-08 18:03:21,71.2906,-156.7887,24.82,86,0,10.36
54,Bredasdorp,ZA,2022-10-08 17:56:23,-34.5322,20.0403,55.92,87,97,3.27
55,Bosaso,SO,2022-10-08 18:03:22,11.2842,49.1816,83.3,60,2,3.76
56,Punta Arenas,CL,2022-10-08 18:02:31,-53.15,-70.9167,48.11,61,100,19.28
57,Tiksi,RU,2022-10-08 18:03:22,71.6872,128.8694,17.71,89,100,5.64
58,Saint George,US,2022-10-08 17:58:46,37.1041,-113.5841,78.44,33,0,1.99
59,Amuntai,ID,2022-10-08 18:03:23,-2.4177,115.2494,73.99,99,89,1.34
60,San Cristobal,VE,2022-10-08 18:03:23,7.7669,-72.225,82.58,46,80,8.55
61,Carnarvon,AU,2022-10-08 18:03:23,-24.8667,113.6333,67.03,69,69,15.88
62,Chernyshevskiy,RU,2022-10-08 18:03:24,63.0128,112.4714,29.93,96,100,10.83
63,Aksu,CN,2022-10-08 18:03:24,41.1231,80.2644,56.53,29,4,1.39
64,Belaya Gora,RU,2022-10-08 18:03:24,68.5333,146.4167,22.48,63,100,12.82
65,Pangody,RU,2022-10-08 18:03:24,65.85,74.4859,40.24,98,100,9.89
66,Yellowknife,CA,2022-10-08 18:03:25,62.456,-114.3525,46.56,87,93,4.0
67,Roma,US,2022-10-08 18:01:51,43.2128,-75.4557,50.72,80,100,6.91
68,Leon,MX,2022-10-08 18:03:18,21.1167,-101.6667,75.15,48,36,8.25
69,Ixtapa,MX,2022-10-08 18:03:27,20.7,-105.2,86.23,62,0,4.61
70,Avarua,CK,2022-10-08 18:03:27,-21.2078,-159.775,73.45,73,20,9.22
71,Hithadhoo,MV,2022-10-08 17:56:36,-0.6,73.0833,81.36,76,16,13.69
72,Mahebourg,MU,2022-10-08 17:56:36,-20.4081,57.7,71.89,68,40,12.66
73,Lagoa,PT,2022-10-08 18:03:27,39.05,-27.9833,70.43,91,70,12.8
74,Hasaki,JP,2022-10-08 18:03:28,35.7333,140.8333,59.29,59,80,16.55
75,Berga,NO,2022-10-08 18:03:28,60.392,5.328,48.07,91,75,2.3
76,Puerto Ayora,EC,2022-10-08 17:56:28,-0.7393,-90.3518,76.96,90,81,8.99
77,Sao Gabriel Da Cachoeira,BR,2022-10-08 18:03:29,-0.1303,-67.0892,92.43,45,90,1.92
78,Eureka,US,2022-10-08 18:00:24,40.8021,-124.1637,52.41,67,12,5.82
79,East London,ZA,2022-10-08 18:03:29,-33.0153,27.9116,70.0,82,77,7.87
80,Capao Da Canoa,BR,2022-10-08 17:59:17,-29.7456,-50.0097,68.36,65,7,11.41
81,Ust-Kut,RU,2022-10-08 18:03:30,56.7938,105.7672,26.78,92,99,3.76
82,Raga,SS,2022-10-08 18:03:30,8.4596,25.678,71.42,88,42,3.51
83,Quesnel,CA,2022-10-08 18:03:30,52.9999,-122.5029,43.3,100,100,0.0
84,Chumphon,TH,2022-10-08 18:03:31,10.3333,98.8333,72.34,97,100,0.74
85,Bengkulu,ID,2022-10-08 18:03:31,-3.8004,102.2655,76.1,86,96,3.18
86,Cape Town,ZA,2022-10-08 17:56:36,-33.9258,18.4232,63.09,75,20,25.32
87,Esperance,AU,2022-10-08 18:03:32,-33.8667,121.9,56.84,48,6,11.1
88,Tuatapere,NZ,2022-10-08 18:03:32,-46.1333,167.6833,45.68,80,76,8.61
89,Sibut,CF,2022-10-08 18:03:33,5.718,19.0739,71.83,91,44,1.9
90,Praia Da Vitoria,PT,2022-10-08 18:03:33,38.7333,-27.0667,75.76,81,91,8.77
91,Ponta Do Sol,PT,2022-10-08 18:03:33,32.6667,-17.1,73.13,68,20,4.72
92,Hilo,US,2022-10-08 17:52:49,19.7297,-155.09,84.27,86,20,4.61
93,Torbat-E Jam,IR,2022-10-08 18:03:34,35.244,60.6225,57.85,24,0,13.38
94,Kazerun,IR,2022-10-08 18:03:35,29.6195,51.6541,75.45,40,0,2.68
95,Teguise,ES,2022-10-08 18:04:35,29.0605,-13.564,73.62,73,75,13.8
96,Stamford,US,2022-10-08 18:02:50,41.0534,-73.5387,61.05,56,40,10.36
97,Dikson,RU,2022-10-08 18:04:35,73.5069,80.5464,32.4,84,96,7.29
98,Riberalta,BO,2022-10-08 18:04:36,-10.9833,-66.1,98.67,31,65,4.59
99,Vaini,TO,2022-10-08 17:56:29,-21.2,-175.2,71.76,94,100,12.66
100,Saskylakh,RU,2022-10-08 17:56:27,71.9167,114.0833,19.74,97,98,3.53
101,Yebaishou,CN,2022-10-08 18:04:36,41.3975,119.6408,42.08,90,87,8.43
102,Namibe,AO,2022-10-08 18:04:36,-15.1961,12.1522,69.64,87,77,6.85
103,Nuuk,GL,2022-10-08 18:04:37,64.1835,-51.7216,32.61,80,75,4.61
104,Anito,PH,2022-10-08 18:04:37,12.4497,125.2886,78.78,87,26,7.43
105,Tadine,NC,2022-10-08 18:04:37,-21.55,167.8833,72.91,81,20,17.67
106,Huarmey,PE,2022-10-08 18:04:38,-10.0681,-78.1522,69.46,69,55,13.71
107,Kodiak,US,2022-10-08 18:04:38,57.79,-152.4072,53.11,87,100,0.0
108,Buraydah,SA,2022-10-08 18:04:40,26.326,43.975,82.17,10,0,3.83
109,Kudal,IN,2022-10-08 18:04:40,16.0333,73.6833,75.07,89,90,1.57
110,Lasa,IT,2022-10-08 18:04:40,46.6166,10.7002,57.36,89,94,2.24
111,Shieli,KZ,2022-10-08 18:04:41,44.1667,66.75,55.35,42,8,9.06
112,Chokurdakh,RU,2022-10-08 18:04:41,70.6333,147.9167,21.51,90,100,19.89
113,Banda Aceh,ID,2022-10-08 18:04:41,5.5577,95.3222,78.8,79,100,6.8
114,Qaanaaq,GL,2022-10-08 18:04:42,77.484,-69.3632,7.86,67,78,10.11
115,Turayf,SA,2022-10-08 18:04:42,31.6725,38.6637,76.62,33,1,12.8
116,Urucui,BR,2022-10-08 18:04:42,-7.2294,-44.5561,103.26,21,57,6.44
117,Salta,AR,2022-10-08 18:00:30,-24.7859,-65.4117,90.57,17,0,5.99
118,Bloomsburg,US,2022-10-08 18:04:43,41.0037,-76.4549,57.15,59,10,8.28
119,Bembereke,BJ,2022-10-08 18:04:43,10.2283,2.6634,75.45,81,50,4.09
120,Lebu,CL,2022-10-08 17:56:23,-37.6167,-73.65,51.28,57,4,20.27
121,Wexford,IE,2022-10-08 18:04:43,52.3342,-6.4575,56.21,78,87,5.01
122,Port Alfred,ZA,2022-10-08 18:04:44,-33.5906,26.891,65.17,83,60,2.19
123,Tautira,PF,2022-10-08 18:04:44,-17.7333,-149.15,76.3,81,51,18.43
124,Airai,TL,2022-10-08 18:04:44,-8.9266,125.4092,61.92,83,96,2.91
125,Palmer,US,2022-10-08 18:04:45,42.1584,-72.3287,58.14,45,20,12.66
126,Hay River,CA,2022-10-08 18:04:45,60.8156,-115.7999,52.02,63,76,6.33
127,Bara,NG,2022-10-08 18:04:45,10.3744,10.7288,79.97,67,42,3.44
128,Nanortalik,GL,2022-10-08 18:04:46,60.1432,-45.2371,36.21,63,2,20.51
129,La Romana,DO,2022-10-08 18:04:46,18.4273,-68.9728,87.84,59,22,10.51
130,Petropavlovka,RU,2022-10-08 18:04:46,50.6114,105.3196,28.2,55,30,2.93
131,Luba,GQ,2022-10-08 18:04:47,3.4568,8.5547,77.56,85,83,4.54
132,Abu Samrah,SY,2022-10-08 18:04:47,35.3029,37.1841,69.87,57,5,10.85
133,Khatanga,RU,2022-10-08 18:04:47,71.9667,102.5,15.94,96,91,3.76
134,New Norfolk,AU,2022-10-08 18:04:48,-42.7826,147.0587,39.7,74,23,2.42
135,Lata,PT,2022-10-08 18:04:48,40.1629,-8.3327,73.92,52,27,4.21
136,Trinidad,BO,2022-10-08 18:04:48,-14.8333,-64.9,92.16,42,7,9.48
137,Kapan,AM,2022-10-08 18:04:49,39.2075,46.4058,60.8,81,74,1.95
138,Makakilo City,US,2022-10-08 18:00:45,21.3469,-158.0858,77.45,75,95,5.1
139,Linares,CL,2022-10-08 18:04:49,-35.85,-71.6,60.6,34,15,11.34
140,Nargana,PA,2022-10-08 18:04:50,9.4428,-78.5906,76.78,89,100,9.33
141,Mandalgovi,MN,2022-10-08 18:05:50,45.7625,106.2708,20.71,74,0,6.89
142,Oranjestad,AW,2022-10-08 18:05:51,12.524,-70.027,88.92,72,100,3.0
143,Amapa,BR,2022-10-08 18:05:51,1.0,-52.0,97.88,27,1,6.44
144,North Las Vegas,US,2022-10-08 18:05:51,36.1989,-115.1175,86.34,24,0,5.75
145,Chuy,UY,2022-10-08 17:56:26,-33.6971,-53.4616,72.84,52,87,15.37
146,Touros,BR,2022-10-08 18:00:58,-5.1989,-35.4608,83.48,65,3,17.47
147,Tekeli,KZ,2022-10-08 18:05:52,44.83,78.8239,52.38,36,65,8.86
148,Casa Grande,US,2022-10-08 18:01:59,32.8795,-111.7573,86.02,43,0,9.22
149,Godfrey,US,2022-10-08 18:05:52,38.9556,-90.1868,61.92,43,20,5.75
150,Atuona,PF,2022-10-08 17:56:27,-9.8,-139.0333,76.78,76,30,21.03
151,Sioux Lookout,CA,2022-10-08 18:05:53,50.1001,-91.917,49.1,43,93,11.32
152,Kaitangata,NZ,2022-10-08 18:05:53,-46.2817,169.8464,40.64,86,96,5.59
153,Douglas,US,2022-10-08 18:05:13,41.3,-96.167,61.59,39,100,13.8
154,Oussouye,SN,2022-10-08 18:05:54,12.485,-16.5469,80.98,82,100,7.29
155,Zhigansk,RU,2022-10-08 18:05:54,66.7697,123.3711,27.39,97,100,10.67
156,Termiz,UZ,2022-10-08 18:05:54,37.2242,67.2783,59.09,36,0,4.61
157,Nikolskoye,RU,2022-10-08 18:05:55,59.7035,30.7861,55.29,74,100,12.48
158,Maltahohe,NA,2022-10-08 18:05:55,-24.8333,16.9833,84.49,14,52,11.95
159,Kargat,RU,2022-10-08 18:05:55,55.1956,80.2811,48.34,51,90,7.29
160,Mucurapo,TT,2022-10-08 18:05:55,10.6667,-61.5333,86.05,73,100,7.67
161,Soyo,AO,2022-10-08 18:05:56,-6.1349,12.3689,76.75,84,66,12.1
162,Asau,RO,2022-10-08 18:05:56,46.4333,26.4,54.52,76,88,2.17
163,Quatre Cocos,MU,2022-10-08 18:05:56,-20.2078,57.7625,71.1,69,44,17.87
164,Mount Isa,AU,2022-10-08 18:01:04,-20.7333,139.5,65.97,34,9,16.11
165,Pacific Grove,US,2022-10-08 18:05:57,36.6177,-121.9166,68.81,94,100,0.0
166,Maumere,ID,2022-10-08 18:05:57,-8.6199,122.2111,80.82,82,23,6.24
167,Kitzbuhel,AT,2022-10-08 18:05:58,47.4464,12.3922,59.23,94,98,3.33
168,Marsh Harbour,BS,2022-10-08 18:05:36,26.5412,-77.0636,82.49,72,23,13.87
169,Nanakuli,US,2022-10-08 18:05:58,21.3906,-158.1547,78.87,67,40,5.75
170,Lahat,ID,2022-10-08 18:05:58,-3.8,103.5333,72.36,96,100,2.68
171,Fortuna,US,2022-10-08 18:05:59,40.5982,-124.1573,52.14,49,9,4.72
172,Port Blair,IN,2022-10-08 18:05:59,11.6667,92.75,80.29,82,95,6.58
173,Salair,RU,2022-10-08 18:05:59,54.2312,85.7972,43.65,67,82,6.64
174,Tuktoyaktuk,CA,2022-10-08 17:56:25,69.4541,-133.0374,30.2,93,40,5.75
175,Cherskiy,RU,2022-10-08 18:06:00,68.75,161.3,20.57,92,100,21.25
176,Bayji,IQ,2022-10-08 18:06:00,34.9311,43.487,88.39,15,1,4.5
177,Grindavik,IS,2022-10-08 18:06:01,63.8424,-22.4338,43.27,81,75,9.22
178,Banjar,ID,2022-10-08 18:06:01,-8.19,114.9675,77.25,91,96,5.99
179,Narsaq,GL,2022-10-08 18:06:02,60.9167,-46.05,37.62,62,1,3.31
180,Kapaa,US,2022-10-08 17:56:35,22.0752,-159.319,76.1,88,95,6.87
181,Cayenne,GF,2022-10-08 18:06:02,4.9333,-52.3333,91.44,55,0,14.97
182,Karratha,AU,2022-10-08 18:06:02,-20.7377,116.8463,74.01,60,2,5.08
183,Ventersburg,ZA,2022-10-08 18:06:03,-28.0856,27.1381,71.78,36,25,19.64
184,Bethel,US,2022-10-08 18:06:03,41.3712,-73.414,59.36,56,40,11.01
185,Urumqi,CN,2022-10-08 18:06:04,43.801,87.6005,61.75,17,0,13.42
186,Alofi,NU,2022-10-08 18:07:04,-19.0595,-169.9187,74.32,85,100,29.35
187,Murchison,NZ,2022-10-08 18:07:05,-41.8,172.3333,35.69,98,56,1.03
188,Birin,NP,2022-10-08 18:07:05,26.8865,88.0718,60.21,95,42,3.09
189,Atar,MR,2022-10-08 18:07:05,20.5169,-13.0499,99.16,18,2,13.27
190,Port Macquarie,AU,2022-10-08 18:07:06,-31.4333,152.9167,66.09,94,100,11.5
191,Xining,CN,2022-10-08 18:07:06,36.6167,101.7667,33.15,41,79,4.38
192,Thompson,CA,2022-10-08 18:02:45,55.7435,-97.8558,46.36,41,45,5.48
193,Batagay-Alyta,RU,2022-10-08 18:07:06,67.8006,130.4114,18.01,80,100,6.13
194,Georgetown,MY,2022-10-08 18:06:41,5.4112,100.3354,82.24,85,20,0.0
195,Wicklow,IE,2022-10-08 18:07:07,53.0,-6.4167,51.08,83,93,5.82
196,Gioia Tauro,IT,2022-10-08 18:07:07,38.424,15.899,71.73,69,10,0.6
197,Gigmoto,PH,2022-10-08 18:07:08,13.7796,124.39,80.46,84,21,9.06
198,Vao,NC,2022-10-08 18:07:08,-22.6667,167.4833,72.75,80,22,21.81
199,Coquimbo,CL,2022-10-08 18:03:33,-29.9533,-71.3436,64.13,67,0,14.97
200,High Level,CA,2022-10-08 18:07:08,58.5169,-117.136,60.21,39,85,5.37
201,Bossangoa,CF,2022-10-08 18:07:09,6.4926,17.4552,72.23,94,99,3.18
202,Angren,UZ,2022-10-08 18:07:09,41.0167,70.1436,56.14,31,0,4.0
203,Arraial Do Cabo,BR,2022-10-08 18:07:05,-22.9661,-42.0278,75.06,73,75,6.91
204,Dwarka,IN,2022-10-08 18:07:10,22.2394,68.9678,83.01,80,39,11.86
205,Meulaboh,ID,2022-10-08 18:07:10,4.1363,96.1285,77.32,85,100,4.29
206,Sakakah,SA,2022-10-08 18:04:37,29.9697,40.2064,85.86,17,1,3.33
207,Sao Joao Da Barra,BR,2022-10-08 18:03:11,-21.6403,-41.0511,78.89,73,60,18.3
208,Partizanskoye,RU,2022-10-08 18:07:10,55.5006,94.39,33.78,72,100,4.63
209,Nambucca Heads,AU,2022-10-08 18:07:11,-30.65,153.0,67.17,93,100,13.29
210,Roald,NO,2022-10-08 18:07:11,62.5833,6.1333,48.76,87,75,20.71
211,Ilulissat,GL,2022-10-08 18:07:11,69.2167,-51.1,30.22,74,75,6.91
212,Santimbru,RO,2022-10-08 18:07:12,46.1333,23.65,58.48,69,94,1.03
213,Ferrol,ES,2022-10-08 18:07:12,43.4832,-8.2369,71.24,73,0,9.73
214,Ilhabela,BR,2022-10-08 18:07:13,-23.7781,-45.3581,73.13,78,100,8.52
215,Gribanovskiy,RU,2022-10-08 18:07:13,51.4579,41.9764,51.48,68,0,4.32
216,Agadez,NE,2022-10-08 18:07:13,19.75,10.25,85.93,17,0,8.77
217,Kloulklubed,PW,2022-10-08 18:07:14,7.0419,134.2556,79.3,68,91,2.91
218,Kahului,US,2022-10-08 18:07:14,20.8947,-156.47,82.42,81,40,10.36
219,Tabory,RU,2022-10-08 18:07:14,58.5198,64.5495,41.02,95,100,5.7
220,Torbay,CA,2022-10-08 18:03:19,47.6666,-52.7314,55.76,94,100,8.05
221,Sisimiut,GL,2022-10-08 18:07:15,66.9395,-53.6735,29.93,75,95,3.89
222,Kismayo,SO,2022-10-08 18:07:15,-0.3582,42.5454,77.5,81,34,14.94
223,Namatanai,PG,2022-10-08 18:07:16,-3.6667,152.4333,78.49,78,59,9.24
224,Norman Wells,CA,2022-10-08 18:07:16,65.282,-126.8329,43.84,85,100,1.61
225,Kuznechnoye,RU,2022-10-08 18:07:16,61.12,29.8686,50.0,85,100,13.42
226,Galesong,ID,2022-10-08 18:07:17,-5.3166,119.3661,77.02,81,100,4.9
227,Darovskoy,RU,2022-10-08 18:07:17,58.77,47.9564,51.67,74,100,9.08
228,Vanimo,PG,2022-10-08 18:07:17,-2.6741,141.3028,78.08,89,98,5.68
229,Tiznit,MA,2022-10-08 18:07:18,29.5833,-9.5,78.85,39,100,3.38
230,Tokur,RU,2022-10-08 18:07:18,53.1333,132.9,20.64,86,54,0.65
231,Damghan,IR,2022-10-08 18:07:19,36.1683,54.348,64.71,35,0,2.68
232,Pevek,RU,2022-10-08 18:07:19,69.7008,170.3133,26.15,65,100,26.87
233,Cidreira,BR,2022-10-08 18:07:19,-30.1811,-50.2056,71.8,57,12,10.27
234,Feni,BD,2022-10-08 18:08:20,23.0186,91.41,77.29,93,67,1.14
235,Saint-Philippe,RE,2022-10-08 18:08:20,-21.3585,55.7679,71.19,78,27,12.17
236,Guerrero Negro,MX,2022-10-08 18:08:20,27.9769,-114.0611,77.47,62,33,9.17
237,Berlevag,NO,2022-10-08 18:08:21,70.8578,29.0864,42.8,81,100,9.22
238,Belogorsk,RU,2022-10-08 18:08:14,50.9158,128.4611,27.01,57,2,6.49
239,Kuala Terengganu,MY,2022-10-08 18:08:22,5.3302,103.1408,77.25,87,100,0.58
240,Gat,IL,2022-10-08 18:08:22,31.61,34.7642,74.08,100,12,6.49
241,Gushikawa,JP,2022-10-08 18:08:23,26.3544,127.8686,76.23,88,100,5.77
242,Stornoway,GB,2022-10-08 18:08:23,58.2093,-6.3865,51.76,91,75,14.97
243,Vostok,RU,2022-10-08 18:08:23,46.4856,135.8833,31.03,72,65,4.61
244,Rehoboth,NA,2022-10-08 18:08:24,-23.3167,17.0833,80.92,13,54,7.47
245,Yerofey Pavlovich,RU,2022-10-08 18:08:24,53.9667,121.9667,25.27,71,14,1.72
246,Sheopur,IN,2022-10-08 18:08:24,25.6667,76.7,75.99,92,100,5.03
247,Lac Du Bonnet,CA,2022-10-08 18:08:25,50.2536,-96.0612,55.27,49,100,7.83
248,Egvekinot,RU,2022-10-08 18:08:25,66.3167,-179.1667,13.06,75,6,6.42
249,Beringovskiy,RU,2022-10-08 18:08:25,63.05,179.3167,28.4,65,16,9.28
250,Poronaysk,RU,2022-10-08 18:08:26,49.2167,143.1167,34.23,78,63,2.93
251,Shimanovsk,RU,2022-10-08 18:08:26,52.0,127.7,26.65,59,6,5.28
252,Vikulovo,RU,2022-10-08 18:08:27,56.8167,70.6107,47.35,68,100,3.78
253,Broken Hill,AU,2022-10-08 18:05:41,-31.95,141.4333,47.86,65,0,10.69
254,Tateyama,JP,2022-10-08 18:08:27,34.9833,139.8667,64.09,74,57,14.65
255,Port Hardy,CA,2022-10-08 18:08:28,50.6996,-127.4199,57.72,86,81,3.22
256,Usinsk,RU,2022-10-08 18:08:28,65.9939,57.5281,41.9,86,100,17.67
257,Caravelas,BR,2022-10-08 18:08:29,-17.7125,-39.2481,82.72,66,89,13.56
258,Pingliang,CN,2022-10-08 18:08:29,35.5392,106.6861,40.28,41,74,13.04
259,Jadu,LY,2022-10-08 18:08:29,31.953,12.0261,69.42,36,0,7.05
260,Pangnirtung,CA,2022-10-08 18:08:30,66.1451,-65.7125,27.93,80,100,2.64
261,Wajir,KE,2022-10-08 18:08:30,1.7471,40.0573,85.32,42,81,23.04
262,Dobretu,RO,2022-10-08 18:08:30,44.5,23.95,60.22,56,54,3.89
263,College,US,2022-10-08 18:08:31,64.8569,-147.8028,42.58,92,100,8.05
264,Bridgetown,BB,2022-10-08 18:07:49,13.1,-59.6167,83.46,72,78,16.55
265,Kavieng,PG,2022-10-08 18:08:31,-2.5744,150.7967,82.4,71,40,16.62
266,Vardo,NO,2022-10-08 18:08:32,70.3705,31.1107,40.98,87,75,6.91
267,Jakarta,ID,2022-10-08 18:06:58,-6.2146,106.8451,81.52,87,100,2.26
268,Victoria,HK,2022-10-08 18:06:44,22.2855,114.1577,81.18,88,30,8.01
269,Springbok,ZA,2022-10-08 18:08:32,-29.6643,17.8865,68.16,27,0,4.54
270,Port Hedland,AU,2022-10-08 18:08:32,-20.3167,118.5667,68.05,60,36,6.91
271,Buala,SB,2022-10-08 18:08:33,-8.145,159.5921,79.54,72,18,8.77
272,Talnakh,RU,2022-10-08 18:08:33,69.4865,88.3972,26.82,92,99,5.5
273,Burns Lake,CA,2022-10-08 18:08:33,54.2331,-125.7533,57.6,66,69,2.1
274,Santa Lucia,ES,2022-10-08 18:04:07,27.9117,-15.5407,68.94,73,40,24.16
275,Vilhena,BR,2022-10-08 18:08:34,-12.7406,-60.1458,87.37,41,39,5.53
276,Asbury Park,US,2022-10-08 18:08:34,40.2204,-74.0121,61.0,57,4,4.0
277,Faya,SA,2022-10-08 18:08:35,18.3851,42.4509,68.52,35,14,3.74
278,Ketchikan,US,2022-10-08 18:08:35,55.3422,-131.6461,50.47,100,100,3.44
279,Kuytun,RU,2022-10-08 18:08:36,54.3419,101.5036,27.59,74,65,6.67
280,Ransang,PH,2022-10-08 18:09:40,8.9603,117.5828,79.63,82,96,3.0
281,Lima,PE,2022-10-08 18:09:41,-12.0432,-77.0282,61.05,72,75,13.8
282,Rundu,NA,2022-10-08 18:09:41,-17.9333,19.7667,78.17,11,0,6.98
283,Tual,ID,2022-10-08 18:09:41,-5.6667,132.75,83.16,79,63,15.26
284,Ribeira Grande,PT,2022-10-08 18:09:42,38.5167,-28.7,73.8,88,75,11.5
285,Taft,IR,2022-10-08 18:09:42,31.7471,54.2088,67.95,21,0,4.61
286,Bata,GQ,2022-10-08 18:09:43,1.8639,9.7658,77.79,83,93,4.9
287,Santhia,IT,2022-10-08 18:09:43,45.3663,8.1726,67.68,61,99,2.33
288,Otanche,CO,2022-10-08 18:09:43,5.6567,-74.1825,78.4,70,100,3.87
289,Puerto Del Rosario,ES,2022-10-08 18:09:44,28.5004,-13.8627,76.75,69,100,14.97
290,Rawson,AR,2022-10-08 18:09:44,-43.3002,-65.1023,53.89,37,52,18.25
291,Santo Antonio Do Ica,BR,2022-10-08 18:09:45,-3.1022,-67.9397,85.33,66,90,3.96
292,Muros,ES,2022-10-08 18:09:45,42.7762,-9.0603,71.1,72,0,1.3
293,Tanggu,CN,2022-10-08 18:09:45,39.0211,117.6469,53.56,37,93,21.0
294,Luanda,AO,2022-10-08 18:09:46,-8.8368,13.2343,75.56,83,52,15.3
295,Necochea,AR,2022-10-08 18:09:46,-38.5473,-58.7368,50.54,66,67,30.47
296,Sterling,US,2022-10-08 18:09:46,39.0062,-77.4286,58.24,56,75,10.36
297,Ranfurly,NZ,2022-10-08 18:09:47,-45.1333,170.1,35.11,82,55,6.26
298,Hovd,MN,2022-10-08 18:09:47,48.0056,91.6419,31.93,42,5,1.97
299,Marawi,PH,2022-10-08 18:09:47,7.9986,124.2928,69.37,93,98,1.5
300,Sangar,RU,2022-10-08 18:09:48,63.9242,127.4739,25.3,96,100,4.14
301,La Ronge,CA,2022-10-08 18:09:48,55.1001,-105.2842,57.79,55,28,6.73
302,Dunedin,NZ,2022-10-08 18:09:48,-45.8742,170.5036,44.56,74,78,4.85
303,Baykit,RU,2022-10-08 18:09:49,61.67,96.37,37.38,81,100,8.61
304,Hualmay,PE,2022-10-08 18:09:04,-11.0964,-77.6139,67.41,69,33,13.51
305,Kadugannawa,LK,2022-10-08 18:09:49,7.2547,80.5242,68.47,98,41,1.63
306,Tucumcari,US,2022-10-08 18:09:49,35.1717,-103.725,49.95,100,100,5.75
307,Shelburne,CA,2022-10-08 18:09:50,44.0787,-80.2041,46.76,68,58,17.69
308,Presidencia Roque Saenz Pena,AR,2022-10-08 18:09:50,-26.7852,-60.4388,92.73,20,0,4.38
309,Sisian,AM,2022-10-08 18:09:50,39.5256,46.0251,52.72,82,7,1.61
310,Vallenar,CL,2022-10-08 18:09:51,-28.5708,-70.7581,79.77,25,84,9.89
311,Tezu,IN,2022-10-08 18:09:51,27.9167,96.1667,73.51,87,71,3.65
312,San Luis Rio Colorado,MX,2022-10-08 18:09:52,32.4631,-114.7767,88.54,29,1,7.52
313,Bowen,AU,2022-10-08 18:09:52,-20.0167,148.2333,73.65,81,29,8.63
314,Goderich,CA,2022-10-08 18:09:52,43.7501,-81.7165,51.91,54,94,21.16
315,Upernavik,GL,2022-10-08 18:09:52,72.7868,-56.1549,23.09,92,100,8.99
316,Alta Floresta,BR,2022-10-08 18:09:53,-9.8756,-56.0861,101.53,21,16,6.67
317,Kavaratti,IN,2022-10-08 18:09:53,10.5669,72.642,81.28,75,27,7.74
318,Lorengau,PG,2022-10-08 18:09:53,-2.0226,147.2712,80.17,74,32,8.14
319,Babushkin,RU,2022-10-08 18:09:54,51.7122,105.8647,32.13,66,41,7.63
320,Nushki,PK,2022-10-08 18:09:54,29.5542,66.0215,67.55,8,0,4.45
321,Camacha,PT,2022-10-08 18:09:54,33.0833,-16.3333,69.22,73,20,14.97
322,Ayan,RU,2022-10-08 18:09:55,56.45,138.1667,29.43,53,27,14.34
323,Buin,CL,2022-10-08 18:09:55,-33.7333,-70.75,70.12,38,1,4.16
324,Altay,CN,2022-10-08 18:10:55,47.8667,88.1167,45.59,34,27,8.21
325,Mithi,PK,2022-10-08 18:10:56,24.7318,69.7981,89.51,20,10,11.12
326,Lavrentiya,RU,2022-10-08 18:10:56,65.5833,-171.0,30.2,68,69,11.21
327,Puerto Suarez,BO,2022-10-08 18:10:56,-18.95,-57.8,97.54,24,0,9.22
328,Anadyr,RU,2022-10-08 18:10:57,64.75,177.4833,27.63,62,5,23.06
329,Kirakira,SB,2022-10-08 18:10:57,-10.4544,161.9205,78.37,80,40,7.45
330,Saint Monans,GB,2022-10-08 18:10:58,56.2065,-2.7682,52.83,87,0,11.5
331,Husavik,IS,2022-10-08 18:10:58,66.0449,-17.3389,36.88,97,100,7.43
332,Awjilah,LY,2022-10-08 18:10:58,29.1081,21.2869,73.89,39,0,8.59
333,Groningen,NL,2022-10-08 18:06:30,53.25,6.75,54.03,81,20,6.91
334,Mugur-Aksy,RU,2022-10-08 18:10:59,50.35,90.5,28.76,54,32,6.26
335,Riacho De Santana,BR,2022-10-08 18:10:59,-13.6092,-42.9389,99.03,19,98,5.14
336,Kumsi,IN,2022-10-08 18:10:59,14.0667,75.4,66.97,97,36,2.95
337,Kuldiga,LV,2022-10-08 18:11:00,56.974,21.9572,53.29,86,100,7.85
338,Hoi An,VN,2022-10-08 18:11:00,15.8794,108.335,78.76,86,99,5.53
339,Mogadishu,SO,2022-10-08 18:11:01,2.0371,45.3438,77.32,85,28,16.64
340,Calvinia,ZA,2022-10-08 18:11:01,-31.4707,19.776,71.94,17,2,6.04
341,Clyde River,CA,2022-10-08 18:11:02,70.4692,-68.5914,21.43,73,75,6.91
342,Brae,GB,2022-10-08 18:11:03,60.3964,-1.353,51.04,82,93,16.73
343,San Patricio,US,2022-10-08 18:11:03,28.017,-97.5169,89.87,35,8,9.04
344,Maningrida,AU,2022-10-08 18:11:03,-12.0667,134.2667,79.43,77,43,6.96
345,Dubbo,AU,2022-10-08 18:11:04,-32.25,148.6167,50.13,87,100,8.05
346,Luderitz,NA,2022-10-08 18:11:04,-26.6481,15.1594,61.48,80,22,12.39
347,Jiazi,CN,2022-10-08 18:11:04,22.8779,116.067,76.53,83,14,14.92
348,Waipawa,NZ,2022-10-08 18:11:05,-41.4122,175.5153,43.83,84,19,10.92
349,Porto Novo,BJ,2022-10-08 18:11:06,6.4965,2.6036,76.05,87,100,3.67
350,Kruisfontein,ZA,2022-10-08 18:11:06,-34.0033,24.7314,62.89,72,64,5.32
351,Kizema,RU,2022-10-08 18:11:07,61.113,44.8302,47.66,84,100,11.36
352,Sistranda,NO,2022-10-08 18:11:07,63.7256,8.834,44.56,67,100,32.68
353,Haines Junction,CA,2022-10-08 18:11:08,60.7522,-137.5108,58.95,47,100,6.91
354,Evensk,RU,2022-10-08 18:11:08,61.95,159.2333,22.41,74,68,8.08
355,Severo-Kurilsk,RU,2022-10-08 18:11:08,50.6789,156.125,42.91,74,100,7.76
356,Concarneau,FR,2022-10-08 18:11:09,47.875,-3.9225,59.79,67,1,2.8
357,Wattegama,LK,2022-10-08 18:11:09,6.7989,81.4808,76.84,85,90,1.72
358,Mana,GF,2022-10-08 18:11:09,5.6592,-53.7767,86.07,66,6,12.86
359,Palana,RU,2022-10-08 18:11:10,59.1167,159.9667,25.75,84,90,10.38
360,Kroya,ID,2022-10-08 18:11:11,-7.6331,109.2461,76.06,92,100,4.5
361,Acajutla,SV,2022-10-08 18:11:11,13.5928,-89.8275,87.76,58,59,2.01
362,Leh,IN,2022-10-08 18:11:11,34.1667,77.5833,45.84,28,0,4.23
363,Wanning,CN,2022-10-08 18:11:12,18.8003,110.3967,78.13,89,63,7.38
364,Ulaanbaatar,MN,2022-10-08 18:06:25,47.9077,106.8832,19.53,73,0,0.0
365,Taoudenni,ML,2022-10-08 18:11:13,22.6783,-3.9836,100.18,12,22,1.97
366,Morwell,AU,2022-10-08 18:11:13,-38.2333,146.4,43.39,97,8,2.26
367,Salinopolis,BR,2022-10-08 18:12:14,-0.6136,-47.3561,85.03,66,53,12.17
368,Sao Joao Nepomuceno,BR,2022-10-08 18:12:14,-21.54,-43.0106,89.91,40,89,5.77
369,Yarmouth,US,2022-10-08 18:12:14,41.7057,-70.2286,59.99,66,0,9.22
370,Havoysund,NO,2022-10-08 18:12:14,70.9963,24.6622,44.83,86,46,22.19
371,Pangkalanbuun,ID,2022-10-08 18:12:15,-2.6833,111.6167,73.33,99,98,2.62
372,Northam,GB,2022-10-08 18:12:15,51.0333,-4.2167,54.25,84,42,4.07
373,Sunderland,GB,2022-10-08 18:12:15,54.9047,-1.3822,53.17,82,31,3.0
374,Yangambi,CD,2022-10-08 18:12:16,0.8102,24.4336,70.14,95,19,1.01
375,Ballina,AU,2022-10-08 18:12:16,-28.8667,153.5667,65.01,99,100,14.27
376,Orlik,RU,2022-10-08 18:12:16,52.5178,99.825,19.15,67,66,3.06
377,Skegness,GB,2022-10-08 18:12:17,53.1436,0.3363,53.02,65,16,9.48
378,Ribeira Brava,PT,2022-10-08 18:12:17,32.65,-17.0667,73.13,68,20,3.2
379,Mildura,AU,2022-10-08 18:12:17,-34.2,142.15,43.07,83,29,8.46
380,Lavumisa,SZ,2022-10-08 18:12:18,-27.31,31.892,70.72,76,0,3.53
381,Pereira Barreto,BR,2022-10-08 18:12:18,-20.6383,-51.1092,86.88,33,100,3.36
382,Karpathos,GR,2022-10-08 18:12:19,35.507,27.2132,69.76,73,40,25.32
383,Teknaf,BD,2022-10-08 18:12:19,20.8624,92.3058,79.86,82,97,0.38
384,Camana,PE,2022-10-08 18:12:20,-16.6228,-72.7111,65.48,65,12,8.55
385,Saldanha,ZA,2022-10-08 18:12:20,-33.0117,17.9442,61.0,82,27,24.61
386,Dawei,MM,2022-10-08 18:12:20,14.0833,98.2,76.17,93,98,2.17
387,Orissaare,EE,2022-10-08 18:12:21,58.5592,23.0826,51.96,86,100,10.78
388,Noumea,NC,2022-10-08 18:12:21,-22.2763,166.4572,75.0,99,58,10.09
389,Paka,MY,2022-10-08 18:12:21,4.6374,103.4368,76.14,91,100,3.62
390,Hamilton,US,2022-10-08 18:08:25,39.1834,-84.5333,58.75,51,40,9.22
391,Baruun-Urt,MN,2022-10-08 18:12:22,46.6806,113.2792,26.24,77,21,9.75
392,Qixia,CN,2022-10-08 18:12:22,37.2975,120.8256,54.25,75,100,9.48
393,Kenai,US,2022-10-08 18:12:23,60.5544,-151.2583,48.15,98,100,3.44
394,Rapid Valley,US,2022-10-08 18:12:23,44.0625,-103.1463,65.43,35,0,9.22
395,Puteyets,RU,2022-10-08 18:12:24,65.1716,57.091,43.74,81,92,10.02
396,Havelock,US,2022-10-08 18:12:24,34.8791,-76.9013,71.58,73,73,3.0
397,Nizhneangarsk,RU,2022-10-08 18:12:24,55.7833,109.55,30.09,77,98,1.21
398,Bonavista,CA,2022-10-08 18:12:25,48.6499,-53.1147,53.38,84,97,10.42
399,Itupiranga,BR,2022-10-08 18:12:25,-5.1347,-49.3267,98.92,35,35,3.15
400,Shellbrook,CA,2022-10-08 18:12:26,53.2168,-106.4011,65.43,35,90,11.77
401,Waounde,SN,2022-10-08 18:12:26,15.2637,-12.8682,98.35,29,90,6.15
402,Spremberg,DE,2022-10-08 18:12:26,51.5697,14.3736,56.21,85,68,7.67
403,Rucheng,CN,2022-10-08 18:12:26,32.3883,120.5553,58.96,94,100,1.88
404,Longyearbyen,SJ,2022-10-08 18:10:56,78.2186,15.6401,37.24,87,75,5.75
405,Koulamoutou,GA,2022-10-08 18:12:27,-1.1303,12.4736,73.26,90,52,0.63
406,Yar-Sale,RU,2022-10-08 18:12:27,66.8333,70.8333,40.26,92,100,9.19
407,Asaba,NG,2022-10-08 18:12:27,6.2006,6.7338,76.26,89,98,2.37
408,Benemerito De Las Americas,MX,2022-10-08 18:12:28,16.5167,-90.6439,78.03,91,99,2.35
409,Khorlovo,RU,2022-10-08 18:12:28,55.3353,38.8131,44.22,83,73,8.99
410,Hirara,JP,2022-10-08 18:12:29,24.8,125.2833,80.15,77,100,14.05
411,Ternate,ID,2022-10-08 18:12:29,0.8,127.4,80.37,79,61,3.09
412,Rio Gallegos,AR,2022-10-08 18:12:29,-51.6226,-69.2181,55.45,35,40,27.63
413,Beloha,MG,2022-10-08 18:12:30,-25.1667,45.05,75.34,59,0,6.11
414,Acapulco,MX,2022-10-08 18:13:30,16.8634,-99.8901,85.82,74,0,4.61
415,Hofn,IS,2022-10-08 18:13:30,64.2539,-15.2082,42.48,87,100,6.04
416,Krasnoyarskiy,RU,2022-10-08 18:13:31,51.965,59.8967,45.91,80,46,10.0
417,Tanete,ID,2022-10-08 18:13:32,-3.9443,119.7848,75.09,96,99,3.58
418,Havre-Saint-Pierre,CA,2022-10-08 18:13:32,50.2334,-63.5986,44.96,76,75,16.11
419,Souillac,MU,2022-10-08 18:13:32,-20.5167,57.5167,71.98,68,75,13.8
420,Sorland,NO,2022-10-08 18:13:33,67.667,12.6934,44.46,71,97,28.01
421,Kijang,KR,2022-10-08 18:13:33,35.2442,129.2139,58.73,61,100,10.11
422,Tankhoy,RU,2022-10-08 18:13:34,51.5528,105.1306,32.97,69,59,6.38
423,Erzincan,TR,2022-10-08 18:13:34,39.75,39.5,54.7,94,75,3.44
424,Odweyne,SO,2022-10-08 18:13:34,9.4092,45.064,76.06,57,62,10.54
425,Letterkenny,IE,2022-10-08 18:13:35,54.95,-7.7333,53.53,88,88,5.12
426,Leopold,AU,2022-10-08 18:13:35,-38.1833,144.4667,41.83,92,75,9.22
427,Yumen,CN,2022-10-08 18:13:35,40.2833,97.2,34.93,33,0,13.8
428,Deputatskiy,RU,2022-10-08 18:13:36,69.3,139.9,14.95,87,100,15.28
429,Abu Dhabi,AE,2022-10-08 18:13:36,24.4667,54.3667,87.91,75,0,5.75
430,Saint-Augustin,CA,2022-10-08 18:13:37,51.226,-58.6502,50.0,89,100,19.04
431,Los Llanos De Aridane,ES,2022-10-08 18:13:37,28.6585,-17.9182,72.12,77,40,16.11
432,Nospelt,LU,2022-10-08 18:13:37,49.6753,6.0089,52.25,80,20,9.22
433,Mirabad,AF,2022-10-08 18:13:38,30.4362,61.8383,69.26,14,0,12.39
434,Avanigadda,IN,2022-10-08 18:13:38,16.0215,80.9181,77.04,90,100,4.07
435,Alice Springs,AU,2022-10-08 18:13:39,-23.7,133.8833,51.35,46,0,6.91
436,Nhulunbuy,AU,2022-10-08 18:13:39,-12.2333,136.7667,79.41,89,75,4.61
437,Bilibino,RU,2022-10-08 18:13:39,68.0546,166.4372,12.69,96,100,7.34
438,Gobabis,NA,2022-10-08 18:13:40,-22.45,18.9667,77.54,12,0,14.16
439,Katsuura,JP,2022-10-08 18:13:40,35.1333,140.3,66.69,72,72,13.02
440,Ha Tinh,VN,2022-10-08 18:13:40,18.3333,105.9,75.36,91,54,4.79
441,Raudeberg,NO,2022-10-08 18:13:41,61.9875,5.1352,47.07,15,98,18.03
442,Launceston,AU,2022-10-08 18:13:41,-41.45,147.1667,37.15,92,40,5.75
443,Oeiras,BR,2022-10-08 18:13:42,-7.0253,-42.1311,103.89,19,26,6.11
444,Artsvaberd,AM,2022-10-08 18:13:42,40.8336,45.4711,53.76,81,98,2.24
445,Bahir Dar,ET,2022-10-08 18:13:42,11.5936,37.3908,61.93,88,85,4.43
446,Udayagiri,IN,2022-10-08 18:13:43,20.1333,84.3833,68.7,97,74,1.3
447,Knysna,ZA,2022-10-08 18:13:43,-34.0363,23.0471,60.24,87,56,4.56
448,Guadalupe Y Calvo,MX,2022-10-08 18:13:43,26.1,-106.9667,66.4,34,15,6.06
449,Amurzet,RU,2022-10-08 18:13:44,47.6967,131.0981,40.15,72,100,10.56
450,Auki,SB,2022-10-08 18:13:44,-8.7676,160.7034,75.6,83,39,3.83
451,La Montanita,CO,2022-10-08 18:13:44,1.4766,-75.4398,79.74,85,83,0.92
452,Saint-Francois,FR,2022-10-08 18:13:45,46.4154,3.9054,55.67,76,0,4.61
453,Novyy Urgal,RU,2022-10-08 18:13:45,51.0736,132.5642,26.15,84,26,1.1
454,Tiarei,PF,2022-10-08 18:13:45,-17.5333,-149.3333,80.62,81,32,19.75
455,Limbang,MY,2022-10-08 18:13:46,4.75,115.0,75.31,98,100,1.68
456,Klaksvik,FO,2022-10-08 18:13:46,62.2266,-6.589,49.12,90,100,28.3
457,Sierra Vista,US,2022-10-08 18:09:23,31.5545,-110.3037,70.48,60,0,12.66
458,Cabo San Lucas,MX,2022-10-08 18:13:46,22.8909,-109.9124,91.62,42,0,9.22
459,Maebaru,JP,2022-10-08 18:13:47,33.55,130.2,61.95,72,100,6.13
460,Luena,AO,2022-10-08 18:14:47,-11.7833,19.9167,69.28,22,3,3.87
461,Chelmsford,GB,2022-10-08 18:14:48,51.7357,0.4696,57.02,72,5,4.21
462,De-Kastri,RU,2022-10-08 18:14:48,51.4667,140.7833,36.79,80,100,4.79
463,Malakal,SS,2022-10-08 18:14:48,9.5334,31.6605,72.55,95,100,4.07
464,Salalah,OM,2022-10-08 18:14:49,17.0151,54.0924,80.69,83,75,3.44
465,Palembang,ID,2022-10-08 18:13:32,-2.9167,104.7458,75.29,94,40,0.0
466,Kota Belud,MY,2022-10-08 18:14:49,6.351,116.4305,76.23,89,95,3.76
467,Pisek,CZ,2022-10-08 18:14:50,49.3088,14.1475,59.77,63,100,7.34
468,Churapcha,RU,2022-10-08 18:12:18,62.0025,132.4325,22.48,87,96,6.15
469,Kabanjahe,ID,2022-10-08 18:14:51,3.1001,98.4908,63.77,95,100,2.57
470,Baisha,CN,2022-10-08 18:14:51,26.5222,110.9311,59.65,82,45,2.46
471,Maragogi,BR,2022-10-08 18:14:51,-9.0122,-35.2225,81.0,64,1,9.17
472,Saryozek,KZ,2022-10-08 18:14:52,44.3583,77.9753,53.44,35,24,4.12
473,Tura,IN,2022-10-08 18:14:52,25.5198,90.2201,73.08,94,25,1.66
474,Lormont,FR,2022-10-08 18:14:52,44.875,-0.5178,66.2,48,0,6.91
475,Norsup,VU,2022-10-08 18:14:52,-16.0667,167.3833,78.01,82,16,8.48
476,Pihuamo,MX,2022-10-08 18:14:53,19.2499,-103.3828,84.09,54,0,1.57
477,Olinda,BR,2022-10-08 18:10:32,-8.0089,-34.8553,82.13,65,20,12.66
478,Sciacca,IT,2022-10-08 18:14:53,37.5082,13.0881,72.99,72,3,3.31
479,Mahdasht,IR,2022-10-08 18:14:54,35.7299,50.8111,70.02,36,0,6.91
480,Morondava,MG,2022-10-08 18:14:54,-20.2833,44.2833,76.44,84,0,13.51
481,Scarborough,GB,2022-10-08 18:11:48,54.2797,-0.4044,53.17,77,24,4.0
482,Sitka,US,2022-10-08 18:14:55,57.0531,-135.33,55.29,100,100,0.0
483,Xuddur,SO,2022-10-08 18:14:55,4.1213,43.8894,78.78,56,97,16.73
484,Uva,RU,2022-10-08 18:14:55,56.9908,52.1852,46.81,87,100,5.93
485,Kidal,ML,2022-10-08 18:14:56,18.4411,1.4078,94.08,12,0,10.63
486,Hokitika,NZ,2022-10-08 18:14:56,-42.7167,170.9667,48.43,80,100,5.14
487,Aldan,RU,2022-10-08 18:12:16,58.6031,125.3894,22.96,95,100,6.44
488,Santa Ana,US,2022-10-08 18:13:08,33.7456,-117.8678,88.56,69,20,9.22
489,Savannah Bight,HN,2022-10-08 18:14:56,16.45,-85.85,82.42,79,82,18.41
490,Ginir,ET,2022-10-08 18:14:57,7.1333,40.7,59.92,79,95,2.08
491,Rocha,UY,2022-10-08 18:14:57,-34.4833,-54.3333,60.44,78,100,15.41
492,Sumbuya,SL,2022-10-08 18:14:57,7.6467,-11.9611,76.59,92,94,2.91
493,Ekhabi,RU,2022-10-08 18:14:58,53.5102,142.9671,31.39,87,55,7.87
494,Saint Anthony,US,2022-10-08 18:14:58,45.0205,-93.218,60.3,39,0,14.97
495,Udachnyy,RU,2022-10-08 18:14:59,66.4167,112.4,24.73,94,100,5.55
496,Vila Velha,BR,2022-10-08 18:12:03,-20.3297,-40.2925,78.75,78,40,11.5
497,Dakar,SN,2022-10-08 18:14:59,14.6937,-17.4441,83.28,73,42,10.96
498,Celina,US,2022-10-08 18:14:59,40.5489,-84.5702,56.12,52,5,10.4
499,Macapa,BR,2022-10-08 18:15:00,0.0389,-51.0664,94.98,49,40,11.5
500,Vestmannaeyjar,IS,2022-10-08 18:15:00,63.4427,-20.2734,45.59,81,20,5.75
501,Sao Miguel Do Araguaia,BR,2022-10-08 18:15:01,-13.275,-50.1628,97.93,25,48,5.77
502,Bouza,NE,2022-10-08 18:15:02,14.4229,6.0428,94.84,21,32,9.82
503,Ovsyanka,RU,2022-10-08 18:15:02,55.9575,92.5519,49.17,69,100,5.61
504,Te Anau,NZ,2022-10-08 18:15:03,-45.4167,167.7167,46.09,81,88,7.58
505,Aschersleben,DE,2022-10-08 18:15:03,51.75,11.4667,54.86,74,18,7.67
506,Merauke,ID,2022-10-08 18:15:03,-8.4667,140.3333,78.49,92,100,10.2
507,Bhachau,IN,2022-10-08 18:15:04,23.2833,70.35,88.16,48,55,4.5
508,Olafsvik,IS,2022-10-08 18:15:04,64.8945,-23.7142,44.47,75,73,11.25
509,Sao Raimundo Das Mangabeiras,BR,2022-10-08 18:16:05,-7.0219,-45.4811,102.33,23,44,4.65
510,Saveh,IR,2022-10-08 18:16:05,35.0213,50.3566,72.3,24,0,3.98
511,Marrakesh,MA,2022-10-08 18:16:06,31.6315,-8.0083,87.87,35,75,10.36
512,Karanganom,ID,2022-10-08 18:16:06,-7.6489,110.625,74.26,94,99,6.06
513,Moss Vale,AU,2022-10-08 18:16:06,-34.55,150.3833,44.15,98,100,10.0
514,Nador,MA,2022-10-08 18:16:07,35.174,-2.9287,73.65,88,75,4.61
515,Liverpool,GB,2022-10-08 18:16:07,53.4106,-2.9779,53.71,77,0,3.44
516,Grants Pass,US,2022-10-08 18:12:08,42.439,-123.3284,83.08,45,0,3.44
517,Akhmim,EG,2022-10-08 18:16:08,26.5622,31.745,78.06,34,0,15.17
518,Chapais,CA,2022-10-08 18:16:08,49.7834,-74.8492,31.78,94,100,12.12
519,La Asuncion,VE,2022-10-08 18:16:08,11.0333,-63.8628,83.93,84,69,16.11
520,Oistins,BB,2022-10-08 18:12:31,13.0667,-59.5333,83.28,71,81,16.73
521,Eenhana,NA,2022-10-08 18:13:34,-17.4667,16.3333,79.66,11,0,7.34
522,Ampanihy,MG,2022-10-08 18:16:09,-24.7,44.75,78.98,41,0,4.29
523,Sao Francisco,BR,2022-10-08 18:12:46,-15.9486,-44.8644,99.16,22,43,3.31
524,Musiri,IN,2022-10-08 18:16:01,10.9333,78.45,75.24,84,93,1.72
525,Emba,KZ,2022-10-08 18:16:10,48.8264,58.1442,49.89,59,4,7.96
526,Stutterheim,ZA,2022-10-08 18:16:10,-32.5708,27.424,62.53,68,59,1.74
527,Isangel,VU,2022-10-08 18:16:10,-19.55,169.2667,75.65,80,44,17.67
528,Moyale,KE,2022-10-08 18:16:11,3.5167,39.0584,72.73,53,43,7.36
529,Solnechnyy,RU,2022-10-08 18:16:11,50.7214,136.6319,32.67,90,92,3.06
530,Nouakchott,MR,2022-10-08 18:16:12,18.0858,-15.9785,78.73,69,27,19.22
531,Tambovka,RU,2022-10-08 18:16:12,50.0969,128.0489,27.64,57,14,7.27
532,Viedma,AR,2022-10-08 18:16:13,-40.8135,-62.9967,53.74,33,30,27.94
533,Santa Cruz,BO,2022-10-08 18:15:21,-17.8,-63.1667,86.05,45,0,21.85
534,Ileza,RU,2022-10-08 18:16:13,61.0533,43.9002,46.94,85,100,11.65
535,Esmeraldas,BR,2022-10-08 18:16:14,-19.7625,-44.3139,86.11,38,75,4.14
536,Kyabe,TD,2022-10-08 18:16:14,9.4515,18.9449,75.2,84,55,2.13
537,Krasnoselkup,RU,2022-10-08 18:16:14,65.7,82.4667,38.93,94,100,11.95
538,Biltine,TD,2022-10-08 18:16:15,14.5333,20.9167,93.56,19,41,8.39
539,Kristinehamn,SE,2022-10-08 18:16:15,59.3098,14.1081,45.16,72,10,7.67
540,Grand-Santi,GF,2022-10-08 18:16:16,4.25,-54.3833,99.52,25,8,4.56
541,Chuchkovo,RU,2022-10-08 18:16:16,54.2693,41.4465,46.72,87,33,7.99
542,Ambilobe,MG,2022-10-08 18:16:17,-13.2,49.05,71.01,68,13,6.11
543,Mehamn,NO,2022-10-08 18:16:17,71.0357,27.8492,42.75,93,75,8.05
544,Caarapo,BR,2022-10-08 18:16:17,-22.6342,-54.8222,78.76,44,0,7.45
545,Dauphin,CA,2022-10-08 18:14:40,51.1494,-100.0502,64.54,45,0,11.5
546,Penzance,GB,2022-10-08 18:16:18,50.1186,-5.5371,54.28,69,30,8.75
547,Oga,IT,2022-10-08 18:16:18,46.4631,10.347,56.08,90,94,4.03
548,Padang,ID,2022-10-08 18:16:18,-0.9492,100.3543,77.32,77,100,3.02
549,Fort Nelson,CA,2022-10-08 18:16:19,58.8053,-122.7002,49.59,57,75,4.61
550,Cap Malheureux,MU,2022-10-08 18:16:19,-19.9842,57.6142,71.47,65,26,5.01
551,Faridabad,IN,2022-10-08 18:16:20,28.4333,77.3167,70.05,95,100,9.51
552,Antofagasta,CL,2022-10-08 18:16:20,-23.65,-70.4,63.68,62,16,7.49
553,Candolim,IN,2022-10-08 18:17:21,15.5181,73.7626,77.63,82,37,3.33
554,New Plymouth,NZ,2022-10-08 18:12:28,-39.0667,174.0833,51.57,100,100,7.67
555,Taunton,GB,2022-10-08 18:17:21,51.0211,-3.1047,56.88,80,39,2.93
556,Vimperk,CZ,2022-10-08 18:17:22,49.0586,13.7829,56.39,76,100,4.45
557,Sao Filipe,CV,2022-10-08 18:17:22,14.8961,-24.4956,79.14,78,22,7.14
558,Mantua,IT,2022-10-08 18:17:22,45.1667,10.7833,69.04,78,60,5.39
559,Rodrigues Alves,BR,2022-10-08 18:17:23,-7.738,-72.6509,92.93,43,84,1.95
560,Mihaesti,RO,2022-10-08 18:17:23,45.0333,24.25,57.16,73,63,3.29
561,Aviles,ES,2022-10-08 18:17:24,43.5547,-5.9248,65.37,83,75,14.0
562,Zheleznodorozhnyy,RU,2022-10-08 18:17:24,55.7503,38.0042,54.01,75,74,9.8
563,Iranshahr,IR,2022-10-08 18:17:24,27.2025,60.6848,77.34,3,0,6.91
564,Taltal,CL,2022-10-08 18:17:25,-25.4,-70.4833,61.07,70,24,3.29
565,Kasongo-Lunda,CD,2022-10-08 18:17:25,-6.4667,16.8167,74.82,79,61,2.95
566,Aguimes,ES,2022-10-08 18:17:25,27.9054,-15.4461,73.85,71,75,27.0
